{
  "project_info": {
    "project_number": "261993102175",
    "project_id": "my-ride-3463d",
    "storage_bucket": "my-ride-3463d.appspot.com"
  },
  "client": [
    {
      "client_info": {
        "mobilesdk_app_id": "1:261993102175:android:f60dd6b35ab270566a54ea",
        "android_client_info": {
          "package_name": "com.example.mykeke"
        }
      },
      "oauth_client": [
        {
          "client_id": "261993102175-r6qgsih3d5ji0094j9c2bn9ijsnjjqe9.apps.googleusercontent.com",
          "client_type": 1,
          "android_info": {
            "package_name": "com.example.mykeke",
            "certificate_hash": "2052e50868e980bd17807389f820c8f950e3ceb0"
          }
        },
        {
          "client_id": "261993102175-k61bl1dt3ibhup60pklv0hv9u42r22dd.apps.googleusercontent.com",
          "client_type": 3
        }
      ],
      "api_key": [
        {
          "current_key": "AIzaSyCkUX9m2Wmcz9AGDNUjF1SVs04SPZ-8ESE"
        }
      ],
      "services": {
        "appinvite_service": {
          "other_platform_oauth_client": [
            {
              "client_id": "261993102175-k61bl1dt3ibhup60pklv0hv9u42r22dd.apps.googleusercontent.com",
              "client_type": 3
            }
          ]
        }
      }
    }
  ],
  "configuration_version": "1"
}